city,firstname,lastname,phone,email,address,state
Toledo,Zoe,Morris,3-368-630-0842,Zoe_Morris3675@supunk.biz,"Monroe Walk, 8441",Hawaii
Huntsville,Robyn,Shea,7-165-085-5586,Robyn_Shea430@gompie.com,"Enderby   Road, 3481",Arkansas
Chicago,Ryan,Patel,4-002-068-6741,Ryan_Patel9848@gembat.biz,"Bacon  Street, 557",Pennsylvania
Miami,Nick,Evans,2-442-776-4704,Nick_Evans4737@bauros.biz,"Zealand Alley, 6077",Pennsylvania
Rochester,Lauren,Booth,7-350-347-2670,Lauren_Booth1085@typill.biz,"Clavell   Hill, 5882",Massachusetts
Amarillo,Elena,Coates,8-464-420-4852,Elena_Coates7249@grannar.com,"Archery  Alley, 9018",Arizona
Escondido,Louise,Watson,0-133-804-0372,Louise_Watson5968@grannar.com,"Tisbury  Drive, 8956",Michigan
Rochester,Tess,Lambert,6-263-264-6675,Tess_Lambert1887@dionrab.com,"College  Tunnel, 2740",California
Salem,Ruth,Mcleod,5-681-850-0640,Ruth_Mcleod2508@acrit.org,"Gate   Drive, 6586",North Carolina
Long Beach,Gabriel,Pratt,6-053-406-5338,Gabriel_Pratt1256@joiniaa.com,"Linden Hill, 7710",Virginia
Richmond,Phoebe,Groves,8-248-642-5178,Phoebe_Groves5492@deons.tech,"Billing  Way, 3831",South Carolina
Scottsdale,Jacob,Ranks,2-111-813-7631,Jacob_Ranks6195@muall.tech,"Berry  Walk, 669",Florida
Oklahoma City,Chad,Grant,2-505-228-3465,Chad_Grant298@twipet.com,"Bedford  Vale, 4157",Mississippi
Nashville,Paula,Garcia,3-368-307-2260,Paula_Garcia9355@gmail.com,"Lexington Hill, 608",Michigan
Lakewood,Michael,Morris,1-655-315-5581,Michael_Morris5950@jiman.org,"Camera  Vale, 3516",Colorado
Albuquerque,Regina,Duvall,2-840-855-3213,Regina_Duvall3032@liret.org,"Blenkarne  Rue, 1144",Delaware
Fullerton,Ethan,Aldridge,5-673-023-6865,Ethan_Aldridge4957@elnee.tech,"Fairholt   Pass, 1106",New York
Worcester,Roger,Lewis,3-762-044-2272,Roger_Lewis8681@joiniaa.com,"Sundown Street, 6120",Texas
Tallahassee,Natalie,Stanley,3-377-738-0753,Natalie_Stanley946@gmail.com,"Clarks  Drive, 1318",Oregon
Los Angeles,Eduardo,Gaynor,5-835-014-4652,Eduardo_Gaynor9042@muall.tech,"Dunsley  Grove, 9645",New York
Boston,Aiden,Farrant,4-176-042-4664,Aiden_Farrant2488@nanoff.biz,"Sheraton   Grove, 3917",Kansas
Henderson,Isabel,Mccormick,0-001-614-1574,Isabel_Mccormick4384@liret.org,"Arctic   Walk, 5153",Alaska
Reno,John,Moore,0-765-428-5240,John_Moore506@brety.org,"Bury  Vale, 7965",Montana
Long Beach,Jenna,Hunt,1-807-855-7273,Jenna_Hunt1635@corti.com,"Birkin   Vale, 3257",Georgia
New York,Benny,Shaw,2-233-466-6253,Benny_Shaw5513@deavo.com,"Monroe Lane, 7322",Alaska
Fremont,Daron,Bayliss,8-667-228-4003,Daron_Bayliss1659@deavo.com,"Wadham  Way, 5863",Indiana
Philadelphia,Ramon,Lynch,0-105-712-5662,Ramon_Lynch2602@guentu.biz,"Cleaver Rue, 7707",Wisconsin
Madison,Fred,Vangness,1-583-802-1316,Fred_Vangness3157@womeona.net,"Ben   Hill, 6405",Arizona
Henderson,Angel,Thomas,3-318-758-7813,Angel_Thomas2712@bulaffy.com,"Woodland Hill, 685",Washington
Richmond,Sabrina,Weatcroft,2-548-330-1273,Sabrina_Weatcroft374@gmail.com,"Mariner   Street, 7974",Florida
Louisville,Brad,Turner,4-830-500-5058,Brad_Turner6440@elnee.tech,"Eaglet  Walk, 6639",Ohio
Innsbruck,Liam,Phillips,6-302-482-2656,Liam_Phillips7689@sveldo.biz,"Sheraton   Way, 1107",Oklahoma
Tallahassee,Rita,Radley,1-133-863-1461,Rita_Radley3914@muall.tech,"Chandos  Way, 3484",Mississippi
Stockton,Ron,Bolton,2-027-221-4068,Ron_Bolton7640@twace.org,"Lexington Street, 6691",Alaska
Kansas City,Irene,Seymour,2-843-480-6051,Irene_Seymour4349@eirey.tech,"Blandford  Alley, 1201",Wisconsin
Berna,John,Bailey,4-815-423-6848,John_Bailey7734@nanoff.biz,"Clarges   Alley, 7004",New York
Seattle,Tony,Neville,8-072-750-4286,Tony_Neville6300@grannar.com,"Berry  Drive, 3307",Texas
Phoenix,Teagan,Gregory,1-125-070-3070,Teagan_Gregory1317@naiker.biz,"Hickory Lane Crossroad, 4079",Iowa
Dallas,Johnny,Lyon,5-411-521-3676,Johnny_Lyon5312@deavo.com,"Spruce Drive, 5692",South Dakota
Glendale,Leilani,Robertson,2-164-620-8420,Leilani_Robertson2809@ovock.tech,"Wager   Way, 811",Wisconsin
Atlanta,Hayden,Bell,2-835-058-7577,Hayden_Bell2536@fuliss.net,"Duthie   Boulevard, 4812",Colorado
Lyon,Valentina,Weatcroft,2-552-632-4123,Valentina_Weatcroft2069@dionrab.com,"Dutton   Tunnel, 2896",Oklahoma
Sacramento,Marvin,Anderson,7-320-812-5754,Marvin_Anderson7987@vetan.org,"Thomas  Boulevard, 7278",Pennsylvania
Jersey City,Benjamin,Jenkin,4-540-820-1613,Benjamin_Jenkin9246@gmail.com,"St. Pauls  Vale, 4350",Washington
Memphis,Gabriel,Hilton,2-573-408-5433,Gabriel_Hilton5203@brety.org,"Collins  Crossroad, 7567",North Carolina
San Antonio,Sonya,Hill,1-417-241-2148,Sonya_Hill5982@irrepsy.com,"Parkfields Lane, 6184",Tennessee
Arlington,Barney,Jeffery,1-783-512-6264,Barney_Jeffery7899@corti.com,"Chamberlain  Vale, 7235",Georgia
Tulsa,Stephanie,Vinton,3-738-218-1354,Stephanie_Vinton1356@sheye.org,"Cingworth  Rue, 1694",Florida
Seattle,Karen,James,7-647-807-8016,Karen_James3219@gmail.com,"Bermondsey    Drive, 5463",New York
Bucharest,Sarah,Oswald,8-185-624-4051,Sarah_Oswald8736@muall.tech,"Arundel   Alley, 8668",Missouri
Ontario,Marvin,Little,2-377-316-5823,Marvin_Little5518@dionrab.com,"Gavel   Hill, 6326",California
Portland,Dalia,Tobin,0-544-627-6308,Dalia_Tobin2020@twipet.com,"Emden   Walk, 935",Alaska
Fayetteville,Danny,Wooldridge,0-372-544-2802,Danny_Wooldridge8186@bulaffy.com,"Clarks  Walk, 2694",New Hampshire
Berlin,Isabella,Tait,5-143-726-4286,Isabella_Tait6255@joiniaa.com,"Becher  Street, 7506",Minnesota
Pittsburgh,Nate,Parsons,3-053-340-7451,Nate_Parsons8272@extex.org,"Archery  Street, 3317",Ohio
Salem,Abdul,Powell,5-041-425-4251,Abdul_Powell5299@corti.com,"Westcott  Vale, 8082",Ohio
San Bernardino,Matthew,Vane,7-357-340-3124,Matthew_Vane5828@bauros.biz,"Ashley Road, 1597",Kansas
Salem,Tyson,Mills,2-882-420-4033,Tyson_Mills169@infotech44.tech,"Cecilia  Way, 9055",Illinois
Cincinnati,Carrie,Steer,0-268-640-5645,Carrie_Steer3254@joiniaa.com,"Dunton  Grove, 6483",Wisconsin
Memphis,Stella,Douglas,1-805-684-2774,Stella_Douglas8559@gembat.biz,"Chamberlain  Pass, 1777",Pennsylvania
Baltimore,Chuck,Boyle,2-866-511-2814,Chuck_Boyle6017@gembat.biz,"Caxton  Boulevard, 6890",Illinois
Milano,Margaret,Ashwell,8-514-146-4114,Margaret_Ashwell9925@yahoo.com,"Ben   Drive, 3182",Alabama
Prague,Anabel,Vallins,8-602-013-4862,Anabel_Vallins3320@corti.com,"Blenkarne  Tunnel, 6440",Washington
Houston,Peter,Slater,6-805-103-3476,Peter_Slater3602@supunk.biz,"Lexington Drive, 780",Utah
Salem,Mark,Simpson,1-315-466-6578,Mark_Simpson8017@gembat.biz,"Oxford Pass, 252",Colorado
Kansas City,Ember,Harrington,4-858-012-5014,Ember_Harrington1800@typill.biz,"Parkgate  Avenue, 8573",Massachusetts
Minneapolis,Mason,Bayliss,7-865-181-0530,Mason_Bayliss2702@zorer.org,"Spruce Grove, 5979",New Jersey
Oklahoma City,Jasmine,Terry,5-645-352-1617,Jasmine_Terry3654@elnee.tech,"Caldwell   Road, 7959",Vermont
Jersey City,Dasha,Rogers,3-748-870-2217,Dasha_Rogers2695@mafthy.com,"Birkbeck  Tunnel, 2948",Hawaii
Long Beach,Ramon,Sheldon,7-118-303-7252,Ramon_Sheldon3007@mafthy.com,"Westcott  Lane, 9730",South Carolina
Moreno Valley,Javier,Mann,3-800-736-4418,Javier_Mann1035@iatim.tech,"Parkgate  Hill, 3197",Rhode Island
Los Angeles,Evelynn,Allcott,8-558-883-2225,Evelynn_Allcott8239@infotech44.tech,"Udall   Street, 1474",Mississippi
Oakland,Selena,Rothwell,7-431-852-5680,Selena_Rothwell5067@kideod.biz,"Chester  Route, 4525",Minnesota
Valetta,Sylvia,Shaw,2-732-513-1170,Sylvia_Shaw99@atink.com,"Westbourne Vale, 2261",Maryland
Zurich,Henry,Jackson,4-342-487-6662,Henry_Jackson2740@twace.org,"Lonsdale  Rue, 42",Nevada
Murfreesboro,Stella,Weasley,4-084-221-2370,Stella_Weasley3023@cispeto.com,"Clissold  Grove, 7870",Ohio
Denver,Rufus,Griffiths,4-166-054-1767,Rufus_Griffiths1075@tonsy.org,"Besson  Tunnel, 5586",Nebraska
Reno,Evelynn,Ebbs,2-828-571-1813,Evelynn_Ebbs4631@fuliss.net,"Calvin   Drive, 2794",Maryland
Fremont,Caydence,Dann,4-011-261-2183,Caydence_Dann8421@fuliss.net,"Dunstable   Vale, 4608",Maryland
Portland,Johnny,Dann,8-445-102-2080,Johnny_Dann9874@irrepsy.com,"Bacton   Crossroad, 376",Maryland
Ontario,Ronald,Grady,7-285-877-7877,Ronald_Grady3470@extex.org,"Victorian  Hill, 7621",Michigan
Cincinnati,Noah,Jarrett,0-837-432-3816,Noah_Jarrett3168@fuliss.net,"Antrobus   Street, 5084",Connecticut
Kansas City,Nick,Thompson,0-125-412-2213,Nick_Thompson1044@yahoo.com,"Collent   Route, 6071",Maryland
Berna,Bob,Ashwell,0-600-843-2484,Bob_Ashwell4366@corti.com,"Maple Walk, 527",Utah
Denver,Kieth,Jordan,6-831-837-8266,Kieth_Jordan9282@dionrab.com,"Blore  Grove, 2353",West Virginia
Otawa,Anthony,Chadwick,6-176-465-4432,Anthony_Chadwick5473@eirey.tech,"Thomas More   Rue, 6681",Mississippi
Bellevue,Peter,Stewart,2-164-383-7553,Peter_Stewart338@twace.org,"Rivervalley Walk, 5412",Michigan
Dallas,Jayden,Devonport,6-343-776-5744,Jayden_Devonport4840@nickia.com,"Camelot   Drive, 805",California
Prague,Alan,Collingwood,8-674-118-1254,Alan_Collingwood1896@fuliss.net,"Charterhouse  Crossroad, 3067",Minnesota
Bellevue,Oliver,Reynolds,7-184-457-4328,Oliver_Reynolds465@vetan.org,"Commercial  Way, 5998",Alabama
Lancaster,Rosa,Long,4-802-571-6045,Rosa_Long6281@corti.com,"Carlisle  Way, 9457",Ohio
San Diego,Barney,Aldridge,7-251-372-6284,Barney_Aldridge7775@typill.biz,"Vincent  Street, 9011",Virginia
Jacksonville,Ivy,Cork,3-623-158-5800,Ivy_Cork7386@sheye.org,"Durham Way, 3824",California
Lincoln,Noah,Michael,6-507-673-0677,Noah_Michael4196@infotech44.tech,"Castile  Avenue, 3097",Kentucky
Rochester,Katelyn,Richardson,3-740-055-4046,Katelyn_Richardson7683@vetan.org,"Hickory   Vale, 2825",Idaho
Jacksonville,George,Cadman,1-122-700-0387,George_Cadman6268@fuliss.net,"Arbutus   Pass, 5493",Mississippi
Paris,Enoch,Walsh,5-305-383-0173,Enoch_Walsh7224@kideod.biz,"Wakley   Pass, 2107",South Carolina
Omaha,Bob,Todd,6-471-513-6675,Bob_Todd7763@deons.tech,"Ampton  Walk, 1995",South Dakota
Denver,Dakota,Watson,2-148-520-3035,Dakota_Watson2450@dionrab.com,"Cingworth  Walk, 2301",Wisconsin
Santa Ana,Iris,Clarke,3-078-358-0073,Iris_Clarke7918@joiniaa.com,"Coalecroft  Route, 3911",Washington
Berlin,Tania,Ashwell,5-384-050-8163,Tania_Ashwell8044@bauros.biz,"Bennett  Vale, 6303",Massachusetts
Pittsburgh,Sofie,Middleton,0-514-643-7267,Sofie_Middleton5492@guentu.biz,"Thrale   Way, 8537",Vermont
Berlin,Bree,Farmer,8-108-542-6272,Bree_Farmer2487@dionrab.com,"Fawn Walk, 7697",North Dakota
Denver,Benny,Lyon,7-842-714-6476,Benny_Lyon2589@twipet.com,"Coal Wharf  Avenue, 1311",Florida
Hollywood,Rebecca,Allington,8-852-717-0306,Rebecca_Allington3118@bulaffy.com,"Linda Lane Vale, 5968",Kentucky
Valetta,Chanelle,Willis,6-848-743-5521,Chanelle_Willis3492@famism.biz,"Queen Alley, 8156",Massachusetts
Lisbon,Winnie,Knight,1-708-312-4625,Winnie_Knight5201@deons.tech,"Bales  Lane, 2064",Maine
Fremont,Audrey,Parsons,6-658-710-7673,Audrey_Parsons9831@twipet.com,"Clyde Vale, 4415",Oregon
Minneapolis,Gabriel,Gilmour,7-057-851-5583,Gabriel_Gilmour2417@eirey.tech,"Hickory Lane Alley, 4000",North Carolina
Lisbon,Alexa,Dale,8-414-767-6252,Alexa_Dale4517@acrit.org,"Armory  Rue, 261",Minnesota
Chicago,Anthony,Smith,1-786-000-0082,Anthony_Smith8014@acrit.org,"Cable    Way, 3885",Iowa
New York,Sarah,Lambert,3-207-853-3754,Sarah_Lambert2645@mafthy.com,"Chancellor  Way, 1979",Louisiana
Pittsburgh,Sofia,Maxwell,1-685-880-5765,Sofia_Maxwell6056@ubusive.com,"Balfour    Avenue, 9000",Massachusetts
Valetta,Catherine,Paterson,1-264-608-1431,Catherine_Paterson6200@twace.org,"Linden Hill, 1204",Minnesota
Reno,Penny,Collingwood,0-785-201-2752,Penny_Collingwood847@famism.biz,"Maple Grove, 1980",Missouri
Hayward,Rita,Weatcroft,3-338-158-7716,Rita_Weatcroft3053@bungar.biz,"Clarks  Grove, 8130",Alabama
Milwaukee,Gladys,Hood,5-684-010-8068,Gladys_Hood2317@twipet.com,"Emden   Avenue, 6071",South Dakota
Madison,Sebastian,Sinclair,0-357-170-3267,Sebastian_Sinclair3056@grannar.com,"Tilson  Hill, 4153",New Mexico
Springfield,Harvey,Rowe,7-470-548-1145,Harvey_Rowe5578@gmail.com,"Carolina  Route, 3505",Texas
San Francisco,Bart,Andersson,7-818-688-1280,Bart_Andersson4346@nickia.com,"Blenkarne  Crossroad, 8013",South Carolina
Tallahassee,Chester,Shaw,0-226-101-0610,Chester_Shaw7624@bretoux.com,"Chambers  Hill, 6755",California
San Diego,Doug,Baker,8-541-634-4040,Doug_Baker8950@acrit.org,"Ashley Pass, 8910",Wyoming
New York,Jules,Campbell,4-686-323-1556,Jules_Campbell1879@nanoff.biz,"Catherine  Rue, 7092",Tennessee
Otawa,Danny,Freeburn,5-687-826-7835,Danny_Freeburn2317@guentu.biz,"Chester  Crossroad, 5324",New Mexico
Henderson,Cherish,Overson,4-736-160-1401,Cherish_Overson256@vetan.org,"Gatonby   Drive, 28",Mississippi
Lisbon,Destiny,Tobin,5-208-257-1105,Destiny_Tobin5582@deons.tech,"Chamberlain  Crossroad, 6017",Wyoming
Murfreesboro,Danny,Varley,3-241-257-4580,Danny_Varley5804@deons.tech,"Adderley   Rue, 3208",Texas
Stockton,Maia,Dann,3-854-460-3554,Maia_Dann8658@brety.org,"Sheffield Drive, 6075",Texas
Milwaukee,Tom,Turner,4-048-021-2373,Tom_Turner4586@mafthy.com,"Cedarne  Tunnel, 8128",Kentucky
Glendale,Remy,Herbert,0-356-366-6080,Remy_Herbert2996@acrit.org,"Spruce Lane, 1644",New York
Chicago,Cedrick,Carpenter,2-603-116-7021,Cedrick_Carpenter1633@cispeto.com,"Bayberry Pass, 8681",Arizona
Murfreesboro,Caleb,Andrews,3-821-213-5223,Caleb_Andrews8870@fuliss.net,"Sheraton   Way, 5068",Maine
Scottsdale,Ramon,Preston,8-681-721-2278,Ramon_Preston3738@grannar.com,"Waldram Park  Walk, 7780",Virginia
Fullerton,Nate,Nobbs,6-872-460-3848,Nate_Nobbs5372@muall.tech,"Fieldstone Tunnel, 4278",Connecticut
San Bernardino,Hank,Stewart,0-334-487-6025,Hank_Stewart6422@sheye.org,"Bazely   Rue, 409",Alabama
Omaha,Roger,Walker,2-307-834-3240,Roger_Walker1585@naiker.biz,"Arline    Way, 4647",Maryland
Hayward,Joyce,Olivier,8-128-715-3102,Joyce_Olivier1018@joiniaa.com,"Ely  Road, 3532",South Dakota
Rome,Maia,Gray,7-744-840-5026,Maia_Gray7773@bretoux.com,"Meadow Street, 7265",Massachusetts
Albuquerque,Anthony,Alcroft,0-370-385-1042,Anthony_Alcroft609@eirey.tech,"Birkin   Route, 7816",Vermont
Otawa,Maya,Moore,0-742-137-5642,Maya_Moore2923@joiniaa.com,"Berry  Route, 7022",Indiana
Atlanta,Aiden,Ellison,0-646-027-8414,Aiden_Ellison4190@atink.com,"Kinglake  Way, 2799",Kentucky
Columbus,Abdul,Patel,3-886-728-0821,Abdul_Patel327@acrit.org,"Coborn  Road, 891",West Virginia
Fayetteville,Tom,Button,1-377-266-3638,Tom_Button7301@infotech44.tech,"Cardinal Walk, 4651",Massachusetts
Lyon,Liam,Radcliffe,4-723-785-1114,Liam_Radcliffe8252@typill.biz,"Coal Wharf  Hill, 1996",Oklahoma
Murfreesboro,Lexi,Lewin,2-822-331-5570,Lexi_Lewin652@typill.biz,"Cardinal Hill, 4605",New York
Portland,Lucy,Tennant,5-138-142-2054,Lucy_Tennant6368@gembat.biz,"Balfe   Crossroad, 291",Arkansas
Tulsa,Molly,Fox,4-346-840-6316,Molly_Fox1118@elnee.tech,"Spruce Walk, 9362",Illinois
El Paso,Ramon,Thornton,5-243-536-3302,Ramon_Thornton7339@nickia.com,"Enderby   Walk, 8751",California
Lisbon,Rebecca,Walsh,5-474-740-0626,Rebecca_Walsh4056@gembat.biz,"Billing  Alley, 9313",Delaware
Toledo,Carmen,Thorpe,0-033-658-0287,Carmen_Thorpe7710@hourpy.biz,"Church Pass, 7473",Nevada
Philadelphia,Rick,Morley,6-652-426-8778,Rick_Morley8971@gembat.biz,"Bedford  Route, 3952",California
Charlotte,Henry,London,3-275-383-1342,Henry_London7060@infotech44.tech,"Chelsea Manor  Boulevard, 8007",Oregon
Seattle,Jayden,Harrington,3-187-522-3678,Jayden_Harrington5367@bretoux.com,"Cleaver Avenue, 7986",New Jersey
Zurich,Janice,Riley,3-261-230-5065,Janice_Riley7894@bulaffy.com,"Chambers  Alley, 8922",Maryland
Worcester,Barney,Abbot,6-621-507-0320,Barney_Abbot9798@acrit.org,"Coborn  Lane, 2068",New Jersey
Norfolk,Alan,Oakley,5-036-324-8827,Alan_Oakley2191@bungar.biz,"Buttonwood Avenue, 4288",Connecticut
Minneapolis,Leroy,Russell,6-447-581-6035,Leroy_Russell8576@dionrab.com,"Canon Rue, 9026",Indiana
Reno,Chadwick,Dowson,3-826-333-7565,Chadwick_Dowson9806@nanoff.biz,"Magnolia Way, 8341",Hawaii
Zurich,Carmen,Boden,7-813-767-4525,Carmen_Boden8853@corti.com,"Emily  Hill, 3199",Oregon
Saint Paul,Fred,Holmes,3-587-800-0433,Fred_Holmes447@zorer.org,"Queen Drive, 393",Illinois
Bridgeport,Madelyn,Edler,0-400-650-4866,Madelyn_Edler6111@bretoux.com,"Monroe Tunnel, 2230",New York
Columbus,Abdul,Allcott,1-727-565-2548,Abdul_Allcott1316@muall.tech,"Belgrave  Vale, 9593",Louisiana
Atlanta,Ally,Hopkins,5-653-516-7850,Ally_Hopkins8092@naiker.biz,"Sherwood  Hill, 7492",Virginia
Detroit,Luke,Farrant,2-174-501-2660,Luke_Farrant7034@bulaffy.com,"Birkenhead   Vale, 6402",Vermont
Anaheim,Vicky,Ellison,6-882-735-1415,Vicky_Ellison6527@ubusive.com,"Belgrave  Hill, 8138",Massachusetts
Lincoln,Ryan,James,1-880-833-0781,Ryan_James5195@sheye.org,"Rosewood Street, 8967",California
Irving,Marjorie,Richardson,1-430-515-7415,Marjorie_Richardson3161@bulaffy.com,"English   Drive, 9562",Utah
Hollywood,Hadley,Campbell,6-131-472-8703,Hadley_Campbell566@corti.com,"Cedarne  Route, 5112",Oregon
Arlington,Erick,Palmer,3-751-782-8876,Erick_Palmer3255@ovock.tech,"Gautrey  Boulevard, 9974",Nevada
Nashville,Sasha,Mann,5-012-345-4156,Sasha_Mann3863@typill.biz,"Babmaes    Route, 7971",Hawaii
Philadelphia,Charlotte,Cassidy,7-266-440-4128,Charlotte_Cassidy5452@gmail.com,"Thrale   Walk, 4414",Massachusetts
Atlanta,Phillip,Giles,7-188-118-1834,Phillip_Giles1693@bungar.biz,"Fairbairn  Pass, 5135",Georgia
Venice,Chris,Wooldridge,0-367-445-3823,Chris_Wooldridge4435@corti.com,"King Vale, 7227",Louisiana
Long Beach,Abbey,Hunt,1-843-380-8354,Abbey_Hunt1686@gompie.com,"Commercial  Walk, 1905",Arkansas
Sacramento,Denny,Lambert,0-006-465-7645,Denny_Lambert3147@vetan.org,"Thomas Doyle   Grove, 2730",Florida
Lancaster,George,Shields,5-672-823-4666,George_Shields8175@irrepsy.com,"Camley   Crossroad, 4252",Colorado
Boston,Molly,Seymour,6-187-872-8560,Molly_Seymour7927@joiniaa.com,"Union  Grove, 2577",New Mexico
Valetta,Parker,Page ,0-684-165-7703,Parker_Page 1647@twipet.com,"Queen Hill, 8823",Indiana
Indianapolis,Lynn,James,0-050-063-1147,Lynn_James1092@zorer.org,"Earl Rise Route, 9916",Pennsylvania
Richmond,Jenna,Glass,7-655-147-3058,Jenna_Glass2589@muall.tech,"Wake  Rue, 3177",Florida
Quebec,Gwenyth,Groves,5-550-321-8012,Gwenyth_Groves2953@grannar.com,"Capeners  Route, 9917",Illinois
Laredo,George,Ellis,1-877-256-6761,George_Ellis5643@supunk.biz,"Parkfields Alley, 248",Idaho
Escondido,Jules,Woodcock,8-368-062-2017,Jules_Woodcock6101@guentu.biz,"Bocking   Rue, 7846",Utah
Columbus,Mona,Donovan,1-416-102-8718,Mona_Donovan8203@bretoux.com,"Hamilton  Avenue, 1302",Oklahoma
Berlin,Jasmine,Watt,7-428-464-2346,Jasmine_Watt3030@jiman.org,"Bethwin  Lane, 5671",Washington
Otawa,Gil,Jarvis,2-887-521-5206,Gil_Jarvis406@zorer.org,"Fairview Drive, 8105",Maryland
Escondido,Morgan,Garcia,4-614-035-5511,Morgan_Garcia3240@extex.org,"Viscount   Hill, 3795",Wyoming
Oklahoma City,Daron,Walker,0-482-338-6423,Daron_Walker2663@iatim.tech,"Apollo  Tunnel, 7259",Arizona
Portland,Scarlett,Coleman,5-746-773-3566,Scarlett_Coleman4994@atink.com,"Coalecroft  Street, 2188",Virginia
Quebec,Martin,Salt,1-870-362-5836,Martin_Salt7486@corti.com,"Camdenhurst   Rue, 5220",Michigan
Columbus,Logan,Curtis,7-456-430-4087,Logan_Curtis9137@twipet.com,"Abbotswell  Lane, 6672",Colorado
Lincoln,Barney,Evans,6-306-504-6613,Barney_Evans564@corti.com,"Belgrave  Boulevard, 1638",Iowa
London,Hank,Nobbs,7-477-186-7784,Hank_Nobbs4899@grannar.com,"Berriman  Street, 5575",Rhode Island
Seattle,Ryan,Kidd,2-737-705-4356,Ryan_Kidd9089@iatim.tech,"Amwell    Crossroad, 2118",Nevada
Salt Lake City,Logan,Hooper,7-175-821-5200,Logan_Hooper6074@ubusive.com,"Queen Rue, 4572",Ohio
San Antonio,Carl,Janes,4-375-823-3032,Carl_Janes7599@infotech44.tech,"Andsell    Rue, 5552",Iowa
Lakewood,Isabel,Warren,0-562-221-6802,Isabel_Warren6918@corti.com,"East Walk, 9905",North Carolina
Fullerton,Norah,Newton,1-567-300-8648,Norah_Newton6824@kideod.biz,"Boadicea   Pass, 1975",Arizona
Bucharest,Javier,Mason,1-380-417-5278,Javier_Mason6294@iatim.tech,"Littlebury  Road, 9232",New Mexico
Kansas City,Percy,Tanner,2-430-070-7638,Percy_Tanner6425@nickia.com,"Canon Tunnel, 7798",Maryland
